--
-- Script was generated by Devart dbForge Data Generator for MySQL, Version 2.2.33.0
-- Product Home Page: http://www.devart.com/dbforge/mysql/data-generator
-- Script date 6/6/2019 5:30:37 AM
-- Target server version: 5.7.23-log
-- Target connection string: User Id=hkyby9mzip35i0xi;Host=arfo8ynm6olw6vpn.cbetxkdyhwsb.us-east-1.rds.amazonaws.com;Database=z7behr9tnx17d62y;Character Set=utf8
--

USE subman_db;
--
-- Delete data from the table 'users'
--
-- TRUNCATE TABLE users;
--
-- Delete data from the table 'subscription'
--
-- TRUNCATE TABLE subscriptions;
--
-- Delete data from the table 'category'
--
-- TRUNCATE TABLE categories;

--
-- Inserting data into table category
--
INSERT INTO categories(id, categoryType) VALUES
(1, 'Hygine'),
(2, 'Products'),
(3, 'Music'),
(4, 'Delivery'),
(5, 'Food Delivery'),
(6, 'Video Streaming'),
(7, 'Clothing'),
(8, 'Audio Books'),
(9, 'Streaming'),
(10, 'Other');

--
-- Inserting data into table subscription
--
INSERT INTO subscriptions(id, subscriptionName, amount, dueDate, userId, categoryId) VALUES
(1, 'Fandor', 30, 16, 3, 3),
(2, 'WWNLive', 35, 26, 13, 3),
(3, 'PlayStation Video', 27, 5, 7, 7),
(4, 'Vegetable box scheme', 14, 10, 7, 7),
(5, 'Mubi', 21, 7, 22, 2),
(6, 'Rare Beer Club', 42, 12, 48, 8),
(7, 'UFC Fight Pass', 22, 9, 16, 6),
(8, 'PressReader', 15, 22, 46, 6),
(9, 'Sock Fancy', 49, 15, 24, 4),
(10, 'Brainly', 13, 27, 31, 1),
(11, 'Hulu', 40, 29, 35, 5),
(12, 'Presto', 24, 3, 5, 5),
(13, 'FabFitFun', 22, 22, 4, 4),
(14, 'Audible', 20, 21, 33, 3),
(15, 'Means TV', 24, 13, 25, 5),
(16, 'Blinkist', 34, 3, 23, 3),
(17, 'SimplyCook', 35, 27, 14, 4),
(18, 'Gousto', 40, 8, 45, 5),
(19, 'Fabletics', 23, 15, 20, 10),
(20, 'Graze ', 41, 22, 23, 6),
(21, 'EA Access', 25, 28, 11, 9),
(22, 'DAZN', 15, 23, 25, 8),
(23, 'Menlo Club', 27, 15, 15, 7),
(24, 'OntheBoards.tv', 28, 26, 17, 8),
(25, 'PlayStation Vue', 11, 1, 8, 1),
(26, 'Epic!', 34, 30, 31, 4),
(27, 'Scribd', 45, 6, 34, 5),
(28, 'Global Wrestling Network', 50, 10, 45, 10),
(29, 'WWE Classics on Demand', 23, 13, 20, 3),
(30, 'LiveStation', 28, 15, 43, 9),
(31, 'Barkbox', 24, 10, 9, 3),
(32, 'Vuclip', 25, 5, 3, 1),
(33, 'VidAngel', 14, 2, 1, 9),
(34, 'DC Universe', 28, 10, 49, 6),
(35, 'Sling TV', 24, 9, 26, 9),
(36, 'GeForce Now', 46, 24, 49, 5),
(37, 'Foxtel Now', 38, 18, 45, 3),
(38, 'Apple TV Channel', 38, 17, 33, 7),
(39, 'Sun Basket', 16, 30, 37, 6),
(40, 'Vudu', 28, 12, 26, 4),
(41, 'Xumo', 39, 4, 34, 4),
(42, 'Impact Plus', 45, 25, 24, 1),
(43, 'Blue Apron', 24, 15, 1, 4),
(44, 'Ozone Socks', 45, 13, 44, 8),
(45, 'Dollar Shave Club', 34, 13, 48, 1),
(46, 'Spectrum TV Stream', 49, 19, 11, 10),
(47, 'Iflix', 30, 24, 40, 5),
(48, 'Ipsy', 37, 8, 15, 7),
(49, 'Eros Now', 22, 29, 17, 2),
(50, 'RFinder', 44, 5, 17, 8);

--
-- Inserting data into table users
--
INSERT INTO users(id, firstName, lastName, fullName, emailAddress, avatar, googleId) VALUES
(1, 'Scot', 'Hughes', 'Scot Acker', 'Adam.Acker24@example.com', '7782C8B87X1465', 1885062218),
(2, 'Adele', 'Rand', 'Albert Mclean', 'byiswceo_myqdc@example.com', 'AOEX9BT4SCUB3L', 1110668738),
(3, 'Luisa', 'Longo', 'Adelaida Bergman', 'LealU19@nowhere.com', '18', 875987984),
(4, 'Marielle', 'Moses', 'Abram Patten', 'kkhx3854@example.com', '3RVH', 1818356741),
(5, 'Lucio', 'Hughey', 'Edgar Adler', 'owpk8399@example.com', '4S721J', 1001854461),
(6, 'Mel', 'Randall', 'Edward Jarvis', 'Jennings@example.com', 'C7168QI', 1517138573),
(7, 'Parker', 'Weaver', 'Wesley Ramirez', 'Gee@nowhere.com', '94TW515', 254574656),
(8, 'Alexia', 'Bain', 'Gregg Fulmer', 'PhilRichey8@example.com', 'NK8B5V0D8', 86755184),
(9, 'Giovanni', 'Longoria', 'Karly Aguirre', 'Babin@example.com', '2IUATN', 483180743),
(10, 'Catina', 'Cade', 'Rueben Sell', 'MargaritoAnthony@example.com', '3NYN', 114239103),
(11, 'Elvie', 'Gilchrist', 'Porsha Minton', 'GladisReeves33@example.com', 'B1J842N', 1478988822),
(12, 'Avery', 'Baines', 'Almeta Bowling', 'Cordero@example.com', 'H3VM9EZI41', 796939508),
(13, 'Adrien', 'Dobson', 'Leonora Houser', 'PeggieScott@example.com', 'K362Y', 2108121762),
(14, 'Noemi', 'Hull', 'Dudley Rowan', 'Costa@example.com', 'HCZ9W09I', 1385160351),
(15, 'Adela', 'Solomon', 'Vance Blaine', 'Adair77@example.com', 'H6', 586526019),
(16, 'Marielle', 'Loomis', 'Clemmie Grove', 'DominickGrier@nowhere.com', '3', 1802021177),
(17, 'Mariano', 'Webber', 'Lester Cohn', 'Rau71@nowhere.com', 'MN2CHL', 1516538456),
(18, 'Heather', 'Giles', 'Andrew Crutchfield', 'Rosario_Dejesus7@example.com', 'B1', 793032308),
(19, 'Onie', 'Hulsey', 'Percy Valdes', 'Armstrong5@example.com', '0CQ2QW1', 932911790),
(20, 'Rema', 'Mosher', 'Duncan Sisco', 'GiannaJenkins@example.com', 'R', 1027338015),
(21, 'Enriqueta', 'Cagle', 'Christian Gill', 'Crooks@nowhere.com', '6', 1097546931),
(22, 'Porfirio', 'Bair', 'Avery Weeks', 'Adan_Stafford@nowhere.com', 'XV9ND', 1909556981),
(23, 'Mitchel', 'Cahill', 'Travis Abney', 'Alston679@example.com', 'BN5MQNA6N', 701988933),
(24, 'Clotilde', 'Randle', 'Judson Oh', 'Matney@example.com', 'F', 1052897987),
(25, 'Lenny', 'Dockery', 'Abe Tibbs', 'StephaniJ_Grossman@example.com', 'P3M', 343430650),
(26, 'Bernie', 'Looney', 'Allan Canales', 'JoaquinWilbanks@example.com', 'W1', 164635293),
(27, 'Diedre', 'Humes', 'Kristle Dickens', 'Mary.N_Kunkel572@example.com', 'EF89', 688522992),
(28, 'Bernarda', 'Somers', 'Aide Manley', 'LeilaBrubaker@example.com', '7LN', 1828886048),
(29, 'Janna', 'Mosier', 'Vita Morrissey', 'Anastacia.OPruitt48@example.com', '7YI2452P541O3FO4423VHZP', 383108294),
(30, 'Marvis', 'Baird', 'Alease Perales', 'Frankie_Grossman@nowhere.com', '9', 1851914102),
(31, 'Adolph', 'Loper', 'Agueda Camp', 'Muriel_QMilliken5@example.com', 'YU', 1745889949),
(32, 'Ariel', 'Hummel', 'Jamie Aguiar', 'enqvjfmk.cofgkn@nowhere.com', '39', 664844408),
(33, 'Cherie', 'Lopes', 'Augustus Abreu', 'Villalobos7@example.com', 'YN', 2146421390),
(34, 'Josefine', 'Cain', 'Romeo Anderson', 'GertudePlace@nowhere.com', '393JM7E', 152100541),
(35, 'Joel', 'Randolph', 'Abdul Rainey', 'MinervaSeay@nowhere.com', 'RD2C2X0MP2', 511081765),
(36, 'Elsie', 'Baker', 'Joye Ryder', 'FelixD.Shoemaker@example.com', 'V9LF8', 62435671),
(37, 'Bennie', 'Mosley', 'Rory Burchfield', 'AmadoMedina589@example.com', '9', 1371481470),
(38, 'Tom', 'Raney', 'Adaline Shah', 'Luigi.Duvall448@example.com', 'T7J99', 43394073),
(39, 'Arnulfo', 'Weber', 'Alexandria Mendenhall', 'Blank783@example.com', 'O', 418263294),
(40, 'Shon', 'Humphrey', 'Adolfo Rangel', 'Flowers139@nowhere.com', '5URS7', 722671757),
(41, 'Pablo', 'Calabrese', 'Kyung Andrew', 'Clapp@example.com', '98E', 2002046712),
(42, 'Slyvia', 'Gill', 'Melvin Sommers', 'LucioDolan@example.com', 'P', 1217185800),
(43, 'Bennie', 'Balderas', 'Jamika Mendez', 'Caleb.Lincoln2@example.com', 'L4', 1082518421),
(44, 'Collen', 'Moss', 'Seth Ojeda', 'Kareem.Ratliff@example.com', '363695B1', 1489579458),
(45, 'Fay', 'Sommer', 'Mistie Musgrove', 'ahukz6794@example.com', 'V7IO590K0460J77J2H', 2117852906),
(46, 'Charlie', 'Webster', 'Gabriela Harmon', 'DrewTravis253@example.com', '384YV', 793137948),
(47, 'Heath', 'Rangel', 'Alexis Goulet', 'BernardoBarkley1@example.com', '6', 815740149),
(48, 'Eugenio', 'Dodd', 'Neal Bergman', 'AnalisaThomas1@nowhere.com', '92S', 174706664),
(49, 'Deshawn', 'Gillen', 'Fermina Fields', 'Violeta_Tribble832@example.com', 'KTJM2', 764024150),
(50, 'Abbie', 'Sommers', 'Rolande Price', 'Spann93@example.com', 'Y0GRPI32O', 355621472);